Experiment,Year,Pedigree,HYB,Source,Group,Rep,Plot,Row,Range,PDT,HDT,GWT,MOIST,TWT,YLD,PHT,EHT,STC,RTL,STL,RTL%,STL%,MST ,PRO,OIL,FIB,STA,ASH,DEN
ORG_YieldTrial2023,2023,B73*LH82-B-B-3-1-1-B-B X B73*PHG47-B-B-25-1-1-B-B,UIUC256,2019MOB_CONV,NIFATOP19,1,1001,41,2,5/19/2023 ,10/23/2023,11.04,18.2,54,95.42180896,184,75,43,0,0,0,0,6.28,6.36,3.38,1.64,70.83,1,1.28
ORG_YieldTrial2023,2023,PH5141,PH5141,Prarie Hybrids,CHECK,1,1002,43,2,5/19/2023 ,10/23/2023,15.51,24.5,49,123.7325655,175,95,51,0,0,0,0,6.14,6.62,3.4,1.68,70.32,1.02,1.27
ORG_YieldTrial2023,2023,BSSS( R )C15-018-01-01-02-01-B-B-B/BS13(S)C8)-7312-1-1-1-02-02-B-B]04//B131]01,ISU018,21SJWE:BREED:11049/11058 B,ISU,1,1003,45,2,5/19/2023 ,10/23/2023,11.55,22.7,50.5,94.33801775,186,82,36,0,0,0,0,6.59,6.8,4.27,1.46,69.01,1.01,1.29
ORG_YieldTrial2023,2023,BR64K93,BR64K93,Blue River Hybrids,CHECK,1,1004,47,2,5/19/2023 ,10/23/2023,14.58,21.9,50.9,120.3188926,193,91,49,0,0,0,0,6.05,6,3.44,1.67,70.92,0.94,1.28
ORG_YieldTrial2023,2023,LH195*PHZ51,LH195*PHZ51,Wisconsin,HIP,1,1005,49,2,5/19/2023 ,10/23/2023,9.53,22.9,50.1,77.63767963,209,102,55,0,0,0,0,6.22,7.37,3.69,1.42,69.24,1.01,1.3
ORG_YieldTrial2023,2023,LH82*PHG39-B-B-18-1-1-B-B X PHG35*PHG39-B-B-22-1-1-B-B,UIUC306,2019MOB_CONV,NIFABOT19,1,1006,51,2,5/19/2023 ,10/23/2023,11.4,19.7,52.7,96.72654269,156,66,54,0,0,0,0,6.49,7.67,2.71,1.41,69.57,0.9,1.3
ORG_YieldTrial2023,2023,LH82*PHG35-B-B-30-1-1-B-B * B73*PHG39-B-B-18-1-1-B-B,UIUC524,19MOB_334 X 19MOB_590,NIFAVAL,1,1007,53,2,5/19/2023 ,10/24/2023,16.15,22.2,51.5,132.7631023,181,92,54,0,0,0,0,6.55,6.74,3.4,1.33,69.96,1,1.31
ORG_YieldTrial2023,2023,PHG35*PHG47-B-B-21-1-1-B-B * B73*PHG39-B-B-18-1-1-B-B,UIUC523,19MOB_334 X 19MOB_259,NIFAVAL,1,1008,55,2,5/19/2023 ,10/24/2023,21.04,20.3,52.6,177.1859679,183,96,56,0,0,0,0,6.68,6.81,3.77,1.56,69.13,0.98,1.29
ORG_YieldTrial2023,2023,PHG84*Kitale II-B-2Y-2-B-B x B73*PHG39-B-B-18-1-1-B-B,KTC011,2022-23MOB_PR:2049,PHG84*KII,1,1016,41,3,5/19/2023 ,10/23/2023,12.52,30.2,46.7,92.33896872,245,124,44,0,0,0,0,6.68,5.89,4.55,1.63,69.82,0.97,1.27
ORG_YieldTrial2023,2023,LH185*Kitale II-B-4Y-2-B-B x B73*PHG39-B-B-18-1-1-B-B,KTC004,2022-23MOB_PR:1984,LH185*KII,1,1015,43,3,5/19/2023 ,10/23/2023,16.95,28.8,47.1,127.5190194,183,87,43,0,0,0,0,6.87,6.92,3.7,1.07,70.19,0.98,1.32
ORG_YieldTrial2023,2023,434/H51,MNT1,2020 Montigomery ,KEV,1,1014,45,3,5/19/2023 ,10/23/2023,16.38,25.7,48.1,128.5961538,183,51,46,0,0,0,0,6.52,7.86,2.98,1.2,69.11,0.96,1.32
ORG_YieldTrial2023,2023,B73*PHG39-B-B-23-1-1-B-B X PH207*PHG47-B-B-20-1-1-B-B,UIUC88,2019MOB_CONV,NIFABOT19,1,1013,47,3,5/19/2023 ,10/23/2023,15.45,19.5,52.7,131.4164201,195,78,48,0,0,0,0,6.27,6.49,3.77,1.62,70.26,1.02,1.28
ORG_YieldTrial2023,2023,PHG29*PHG47,PHG29*PHG47,Wisconsin,HIP,1,1012,49,3,5/19/2023 ,10/23/2023,15.39,16.4,56.4,135.9471682,169,84,50,0,0,0,0,5.92,6.71,4.25,1.52,69.67,1.05,1.29
ORG_YieldTrial2023,2023,LH185*Kitale II-B-6W-1-B-B x B73*PHG39-B-B-18-1-1-B-B,KTC007,2022-23MOB_PR:2016,LH185*KII,1,1011,51,3,5/19/2023 ,10/23/2023,20.04,27.2,47.9,154.1538462,185,100,58,0,0,0,0,6.38,6.61,3.66,1.29,70.55,0.97,1.31
ORG_YieldTrial2023,2023,LH82*PH207-B-B-29-1-1-B-B X PHG35*PHG47-B-B-24-1-1-B-B,UIUC388,2019MOB_CONV,NIFATOP19,1,1010,53,3,5/19/2023 ,10/24/2023,13.89,20,53,117.4133559,165,87,39,0,0,0,0,6.25,6.89,3.8,1.7,69.85,1.03,1.28
ORG_YieldTrial2023,2023,LH82*PHG39-B-B-19-1-1-B-BxPHG39*PHG47-B-B-19-1-1-B-B,UIUC333,2019MOB_CONV,NIFABOT20,1,1009,55,3,5/19/2023 ,10/24/2023,11.51,23.9,49.7,92.55188081,181,61,50,0,0,0,0,6.61,7.74,4.29,1.46,68.04,1.05,1.29
ORG_YieldTrial2023,2023,B73*LH82-B-B-10-1-1-B-B X B73*PHG47-B-B-10-1-1-B-B,UIUC241,2019MOB_CONV,NIFATOP19,1,1017,41,4,5/19/2023 ,10/23/2023,12.51,22.1,50.7,102.9722105,183,82,48,0,0,0,0,6.31,6.7,4.22,1.5,69.15,0.99,1.29
ORG_YieldTrial2023,2023,B73*PHK76,B73*PHK76,Wisconsin,HIP,1,1018,43,4,5/19/2023 ,10/23/2023,17.51,22,51,144.3131868,212,80,53,0,0,0,0,6.34,7.08,3.57,1.37,68.9,0.99,1.3
ORG_YieldTrial2023,2023,B73*PHG39-B-B-66-1-1-B-B X PH207*PHG47-B-B-29-1-1-B-B,UIUC202,2019MOB_CONV,NIFATOP19,1,1019,45,4,5/19/2023 ,10/23/2023,15.84,21,51.2,132.2231615,188,85,51,0,0,0,0,5.82,7.26,4.38,1.79,68.56,1.09,1.26
ORG_YieldTrial2023,2023,PHG84*Kitale II-B-2Y-1-B-B x B73*PHG39-B-B-18-1-1-B-B,KTC010,2022-23MOB_PR:2048,PHG84*KII,1,1020,47,4,5/19/2023 ,10/23/2023,12.81,32.5,46.2,91.36464497,184,92,40,0,0,0,0,6.31,7.07,4.27,1.16,68.95,1.01,1.31
ORG_YieldTrial2023,2023,59R5,59R5,Great harvest,CHECK,1,1021,49,4,5/19/2023 ,10/23/2023,14.66,20.6,52.1,122.9928149,203,77,47,2,0,4,0,6.21,6.96,3.22,1.43,70.55,0.89,1.3
ORG_YieldTrial2023,2023,B73*PHG35-B-B-26-1-1-B-BxPHG39*PHG47-B-B-7-1-1-B-B,UIUC369,2019MOB_CONV,NIFATOP20,1,1022,51,4,5/19/2023 ,10/23/2023,17.86,17.7,54.8,155.3125528,208,101,57,0,0,0,0,6.6,6.78,4.64,1.89,68.35,0.99,1.25
ORG_YieldTrial2023,2023,PH4211,PH4211,Prarie Hybrids,CHECK,1,1023,53,4,5/19/2023 ,10/24/2023,15.51,20.8,51.9,129.7962806,183,71,43,0,0,0,0,6.05,5.72,3.83,1.9,70.79,1.07,1.26
ORG_YieldTrial2023,2023,LH195*PHK76,LH195*PHK76,Wisconsin,HIP,1,1024,55,4,5/19/2023 ,10/24/2023,18.49,23.5,50.1,149.4595309,167,71,56,0,0,0,0,6.55,7.54,3.44,1.13,69.07,1,1.32
ORG_YieldTrial2023,2023,PHHB9*PHZ51,ILORG0004,2019MOB_ORG,ORGOREI,1,1032,41,5,5/19/2023 ,10/23/2023,14.48,18.4,54,124.8486898,230,100,51,0,0,0,0,6.41,6.18,3.47,1.72,70.91,0.96,1.27
ORG_YieldTrial2023,2023,B73*PHG39-B-B-61-1-1-B-B X PHG35*PHG47-B-B-20-1-1-B-B,UIUC214,2019MOB_CONV,NIFATOP19,1,1031,43,5,5/19/2023 ,10/23/2023,16.43,22.2,50.8,135.0648774,190,92,50,0,0,0,0,6.43,7.87,3.57,1.3,68.41,0.95,1.31
ORG_YieldTrial2023,2023,PHB47*PHN82,PHB47*PHN82,Wisconsin,HIP,1,1030,45,5,5/19/2023 ,10/23/2023,16.45,19.2,53.4,140.443787,176,74,64,0,0,0,0,6.72,7.93,3.59,1.24,68.35,0.91,1.31
ORG_YieldTrial2023,2023,PHB47*PHZ51,PHB47*PHZ51,Wisconsin,HIP,1,1029,47,5,5/19/2023 ,10/23/2023,15.55,15.5,57.5,138.8392857,250,107,56,2,0,4,0,6.59,7.31,2.99,1.58,69.63,0.93,1.29
ORG_YieldTrial2023,2023,LH244*PHZ51,LH244*PHZ51,Wisconsin,HIP,1,1028,49,5,5/19/2023 ,10/23/2023,14.38,21.2,51.3,119.7320372,223,108,50,0,0,0,0,6.39,6.07,3.93,1.85,70.41,1.01,1.26
ORG_YieldTrial2023,2023,LH244*MO17,LH244*MO17,Wisconsin,HIP,1,1027,51,5,5/19/2023 ,10/23/2023,16.91,23.5,49.9,136.6879755,203,109,53,0,0,0,0,6.24,6.53,4.63,1.85,68.85,1.02,1.25
ORG_YieldTrial2023,2023,B73*PHG39-B-B-63-1-1-B-B * PHG35*PHG47-B-B-12-1-1-B-B,UIUC518,2020PR_175-1 X 19MOB_521,NIFAVAL,1,1026,53,5,5/19/2023 ,10/24/2023,17.7,22.7,50.8,144.5699493,219,123,50,0,0,0,0,6.43,7.32,3.2,1.66,69.96,1.03,1.28
ORG_YieldTrial2023,2023,LH185*Kitale II-B-4W-1-B-B x B73*PHG39-B-B-18-1-1-B-B,KTC002,2022-23MOB_PR:1982,LH185*KII,1,1025,55,5,5/19/2023 ,10/24/2023,21.19,28.9,47,159.1936813,216,101,55,0,0,0,0,7.01,6.82,2.84,1,71.13,0.93,1.34
ORG_YieldTrial2023,2023,B73*LH82-B-B-13-1-1-B-B X B73*PHG35-B-B-14-1-1-B-B,UIUC222,2019MOB_CONV,NIFATOP19,1,1033,41,6,5/19/2023 ,10/23/2023,8.26,23.1,50,67.11686391,165,75,35,0,0,0,0,5.87,6.71,2.87,1.21,71.14,0.91,1.32
ORG_YieldTrial2023,2023,B110/LH119]03//B131]01,ISU020,21SJW:11052/11058,ISU,1,1034,43,6,5/19/2023 ,10/23/2023,15.56,24,49.5,124.953508,204,86,60,3,0,5,0,6.63,6.42,3.9,1.64,69.86,0.99,1.28
ORG_YieldTrial2023,2023,B73*PHG39-B-B-25-1-1-B-BxLH82*PH207-B-B-24-1-1-B-B,UIUC12,2019MOB_CONV,NIFATOP20,1,1035,45,6,5/19/2023 ,10/23/2023,15.89,24.3,49.2,127.0998521,200,96,48,0,0,0,0,6.1,7.54,3.26,1.4,69.88,0.99,1.31
ORG_YieldTrial2023,2023,B73*PHG39-B-B-25-1-1-B-B X PHG35*PHG47-B-B-20-1-1-B-B,UIUC116,2019MOB_CONV,NIFABOT19,1,1036,47,6,5/19/2023 ,10/23/2023,16.47,21.8,51.1,136.089814,195,95,55,0,0,0,0,6.37,6.83,3.58,1.62,69.87,0.99,1.28
ORG_YieldTrial2023,2023,LH185*Kitale II-B-5W-1-B-B x B73*PHG39-B-B-18-1-1-B-B,KTC006,2022-23MOB_PR:2015,LH185*KII,1,1037,49,6,5/19/2023 ,10/23/2023,16.48,24.4,49.2,131.6449704,187,90,49,0,0,0,0,6.42,6.53,4.54,1.29,69.57,0.98,1.3
ORG_YieldTrial2023,2023,B73*PHG39-B-B-20-1-1-B-B X PHG35*PHG47-B-B-14-1-1-B-B,UIUC110,2019MOB_CONV,NIFABOT19,1,1038,51,6,5/19/2023 ,10/23/2023,15.32,19.3,53.2,130.6344041,223,102,56,0,0,0,0,6.45,7.24,3.35,1.61,69.36,0.95,1.28
ORG_YieldTrial2023,2023,LH195:0865)-B-02/B110]01/B131,ISU019,22SJW:11054/11058,ISU,1,1039,53,6,5/19/2023 ,10/24/2023,16.79,25.8,48.7,131.637574,207,102,54,0,0,0,0,6.74,7.18,4.24,1.54,68.09,1.04,1.28
ORG_YieldTrial2023,2023,B73*LH82-B-B-18-1-1-B-BxB73*PHG35-B-B-18-1-1-B-B,UIUC223,2019MOB_CONV,NIFABOT20,1,1040,55,6,5/19/2023 ,10/24/2023,11.96,20.2,52.6,100.8461538,175,80,44,0,0,0,0,6.44,7.29,3.97,1.11,68.75,0.97,1.32
ORG_YieldTrial2023,2023,B73*LH82-B-B-18-1-1-B-BxB73*PHG47-B-B-13-1-1-B-B,UIUC244,2019MOB_CONV,NIFABOT20,1,1048,41,7,5/19/2023 ,10/23/2023,9.39,17.6,54.9,81.75570583,186,65,47,0,0,0,0,6.39,6.07,4.55,1.7,69.01,1.02,1.27
ORG_YieldTrial2023,2023,LH185*Kitale II-B-6W-3-B-B x B73*PHG39-B-B-18-1-1-B-B,KTC008,2022-23MOB_PR:2017,LH185*KII,1,1047,43,7,5/19/2023 ,10/23/2023,16.92,29.5,46.9,126.0418428,191,93,63,0,0,0,0,6.44,6.59,4.7,1.64,68.74,1.01,1.27
ORG_YieldTrial2023,2023,PHZ51*Kitale II-B-8Y-3-B-B x B73*PHG39-B-B-18-1-1-B-B,KTC014,2022-23MOB_PR:2086,PHZ51*KII,1,1046,45,7,5/19/2023 ,10/23/2023,14.42,24.1,49.5,115.6464497,208,120,51,0,0,0,0,6.12,7.3,3.17,1.31,70.28,0.99,1.32
ORG_YieldTrial2023,2023,B73*PHG39-B-B-18-1-1-B-B * LH82*PHG47-B-B-18-1-1-B-B-B,UIUC515,19MOB_334 X 13URN100-S:8851,NIFAVAL,1,1045,47,7,5/19/2023 ,10/23/2023,16.3,22.7,50.7,133.135038,174,75,53,0,0,0,0,6.18,6.61,3.68,1.34,70.13,0.95,1.31
ORG_YieldTrial2023,2023,B73*LH82-B-B-5-1-1-B-B X B73*PHG35-B-B-4-1-1-B-B,UIUC236,2019MOB_CONV,NIFATOP19,1,1044,49,7,5/19/2023 ,10/23/2023,12.95,20.2,52.2,109.193787,184,105,52,0,0,0,0,6.24,6.56,4.17,1.58,69.12,0.95,1.28
ORG_YieldTrial2023,2023,PHB47*MO17,PHB47*MO17,Wisconsin,HIP,1,1043,51,7,5/19/2023 ,10/23/2023,15.03,18.3,54.1,129.749683,194,93,56,2,0,4,0,6.57,7.03,3.73,1.82,69.16,0.93,1.26
ORG_YieldTrial2023,2023,LH82*PHG39-B-B-19-1-1-B-BxPHG35*PHG39-B-B-23-1-1-B-B,UIUC307,2019MOB_CONV,NIFABOT20,1,1042,53,7,5/19/2023 ,10/24/2023,10.41,23.4,50.4,84.25676247,186,79,48,0,0,0,0,6.63,8.45,3.97,1.22,67.41,1.04,1.31
ORG_YieldTrial2023,2023,B73*PHG39-B-B-3-1-1-B-B X PH207*PHG47-B-B-3-1-1-B-B,UIUC97,2019MOB_CONV,NIFABOT19,1,1041,55,7,5/19/2023 ,10/24/2023,16.07,20.3,52.5,135.3316779,188,65,47,0,0,0,0,6.63,7.26,4.33,1.55,68.35,1.01,1.28
ORG_YieldTrial2023,2023,17.2B24,ORG4,2020 Mandaamin,ORG,1,1049,41,8,5/19/2023 ,10/23/2023,11.18,24,48.8,89.78021978,181,75,48,0,0,0,0,6.86,8.09,5.66,2.54,65.71,1.04,1.19
ORG_YieldTrial2023,2023,PHJ89*PH207,PHJ89*PH207,Wisconsin,HIP,1,1050,43,8,5/19/2023 ,10/23/2023,12.77,19.2,53,109.0253593,194,74,59,0,0,0,0,6.49,7.51,3.54,1.66,68.87,0.97,1.28
ORG_YieldTrial2023,2023,LH82*PH207-B-B-18-1-1-B-BxPH207*PHG47-B-B-15-1-1-B-B,UIUC400,2019MOB_CONV,NIFABOT20,1,1051,45,8,5/19/2023 ,10/23/2023,9.01,18.6,54.1,77.49513948,150,56,44,0,0,0,0,6.32,8.5,3.1,1.23,68.73,1,1.32
ORG_YieldTrial2023,2023,B73*PH207-B-B-17-1-1-B-BxB73*PHG47-B-B-13-1-1-B-B,UIUC265,2019MOB_CONV,NIFABOT20,1,1052,47,8,5/19/2023 ,10/23/2023,13.99,17.1,55.7,122.545541,163,46,49,0,0,0,0,6.21,7.26,4.11,1.57,68.94,1.06,1.28
ORG_YieldTrial2023,2023,PH6878,PH6878,Prarie Hybrids,CHECK,1,1053,49,8,5/19/2023 ,10/23/2023,17.9,21.3,51.2,148.851437,194,80,53,0,0,0,0,6.22,6.06,3.17,1.97,71.32,0.97,1.26
ORG_YieldTrial2023,2023,B73*MO17,B73*MO17,Wisconsin,HIP,1,1054,51,8,5/19/2023 ,10/23/2023,17.69,23.2,49.8,143.5536771,219,125,61,2,0,3,0,6.55,6.67,4.25,2.04,69.07,1,1.24
ORG_YieldTrial2023,2023,B73*PHG39-B-B-53-1-1-B-B X LH82*PHG47-B-B-5-1-1-B-B,UIUC75,2019MOB_CONV,NIFABOT19,1,1055,53,8,5/19/2023 ,10/24/2023,17.9,22,51.4,147.5274725,205,86,49,0,0,0,0,6.38,7.43,3.74,1.8,69.14,1.09,1.27
ORG_YieldTrial2023,2023,B73*PHN82,B73*PHN82,Wisconsin,HIP,1,1056,55,8,5/19/2023 ,10/24/2023,19.75,23.4,50.2,159.8531276,204,94,57,0,0,0,0,6.39,6.48,3.85,1.52,69.78,1.01,1.29
ORG_YieldTrial2023,2023,LH244*PHK76,LH244*PHK76,Wisconsin,HIP,1,1064,41,9,5/19/2023 ,10/23/2023,16.37,19.5,52.9,139.2418639,191,100,55,0,0,0,0,6.08,6.19,3.43,1.51,70.49,0.93,1.3
ORG_YieldTrial2023,2023,B73*PHG35-B-B-31-1-1-B-BxPHG39*PHG47-B-B-9-1-1-B-B,UIUC371,2019MOB_CONV,NIFATOP20,1,1063,43,9,5/19/2023 ,10/23/2023,14.56,24.9,48.6,115.5384615,183,80,44,0,0,0,0,6.31,6.31,4.32,2.1,69.36,1.01,1.23
ORG_YieldTrial2023,2023,LH82*PH207-B-B-17-1-1-B-BxPH207*PHG47-B-B-13-1-1-B-B,UIUC399,2019MOB_CONV,NIFABOT20,1,1062,45,9,5/19/2023 ,10/23/2023,11.85,18,54.5,102.6732883,164,60,51,0,0,0,0,6.45,7.49,3.38,1.49,69.49,1,1.3
ORG_YieldTrial2023,2023,B73*PHG39-B-B-55-1-1-B-BxLH82*PHG47-B-B-7-1-1-B-B,UIUC77,2019MOB_CONV,NIFATOP20,1,1061,47,9,5/19/2023 ,10/23/2023,19.23,22,50.9,158.489011,173,80,58,0,0,0,0,6.32,6.81,3.64,1.65,69.89,0.99,1.28
ORG_YieldTrial2023,2023,17.461,ORG1,2020 Mandaamin,ORG,1,1060,49,9,5/19/2023 ,10/23/2023,12.16,20.2,52,102.5325444,195,106,45,0,0,0,0,6.97,8.06,5.38,2.39,66.67,1.13,1.2
ORG_YieldTrial2023,2023,B73*PHG39-B-B-24-1-1-B-B X PH207*PHG47-B-B-21-1-1-B-B,UIUC89,2019MOB_CONV,NIFABOT19,1,1059,51,9,5/19/2023 ,10/23/2023,14.6,14.9,58.2,131.2827557,215,115,51,0,1,0,2,6.27,7.35,4.01,1.45,69.16,1.04,1.29
ORG_YieldTrial2023,2023,B73*PHG35-B-B-6-1-1-B-BxPHG39*PHG47-B-B-4-1-1-B-B,UIUC366,2019MOB_CONV,NIFATOP20,1,1058,53,9,5/19/2023 ,10/24/2023,18.84,18.2,54.9,162.8393914,207,91,47,0,0,0,0,6.53,6.7,3.68,1.79,69.57,1.05,1.27
ORG_YieldTrial2023,2023,B73*PHZ51,B73*PHZ51,Wisconsin,HIP,1,1057,55,9,5/19/2023 ,10/24/2023,19.09,20.1,52.6,161.1676881,206,103,57,0,0,0,0,6.32,6.69,3.77,1.58,69.74,1.05,1.28
ORG_YieldTrial2023,2023,LH82*PH207-B-B-21-1-1-B-B X PHG35*PHG47-B-B-17-1-1-B-B,UIUC380,2019MOB_CONV,NIFATOP19,1,1065,41,10,5/19/2023 ,10/23/2023,12.01,17,55.5,105.3286137,164,62,53,0,0,0,0,6.36,7.05,3.34,1.61,69.57,0.97,1.28
ORG_YieldTrial2023,2023,PHG84*Kitale II-B-2W-2-B-B x B73*PHG39-B-B-18-1-1-B-B,KTC009,2022-23MOB_PR:2018,PHG84*KII,1,1066,43,10,5/19/2023 ,10/23/2023,18.34,31.8,46.4,132.1627219,207,117,55,0,0,0,0,6.67,6.29,4.14,1.32,69.87,0.97,1.3
ORG_YieldTrial2023,2023,B73*PHG39-B-B-30-1-1-B-B X PHG35*PHG47-B-B-24-1-1-B-B,UIUC121,2019MOB_CONV,NIFABOT19,1,1067,45,10,5/19/2023 ,10/23/2023,14.56,22.1,50.7,119.8461538,180,71,39,0,0,0,0,6.36,7.58,3.38,1.33,68.91,0.92,1.31
ORG_YieldTrial2023,2023,PHG35*PHG47-B-B-9-1-1-B-B * B73*PH207-B-B-20-1-1-B-B,UIUC539,19MOB_774 X 19MOB_678,NIFAVAL,1,1068,47,10,5/19/2023 ,10/23/2023,19.67,25.6,48.3,154.6331361,191,103,52,0,0,0,0,6.03,7.51,4.59,1.64,68.16,1.04,1.27
ORG_YieldTrial2023,2023,B73*PH207-B-B-12-1-1-B-B * PHG35*PHG47-B-B-28-1-1-B-B,UIUC500,19MOB_875 X 19MOB_687,NIFAVAL,1,1069,49,10,5/19/2023 ,10/23/2023,17.95,25.6,48.4,141.1115807,196,99,54,0,0,0,0,6.25,7.23,3.25,1.5,69.36,0.95,1.29
ORG_YieldTrial2023,2023,LH145*LH82,LH145*LH82,Wisconsin,HIP,1,1070,51,10,5/19/2023 ,10/23/2023,13.36,15.7,57.4,119.0033812,176,71,52,0,0,0,0,6.12,7.17,3.48,1.43,69.63,0.99,1.3
ORG_YieldTrial2023,2023,B73*PHG39-B-B-52-1-1-B-B X PHG35*PHG47-B-B-1-1-1-B-B,UIUC205,2019MOB_CONV,NIFATOP19,1,1071,53,10,5/19/2023 ,10/24/2023,15.36,17.5,55.9,133.8968724,175,74,39,0,0,0,0,6.67,7.7,3.2,1.45,68.99,0.97,1.3
ORG_YieldTrial2023,2023,Viking 0.51-04GS-P,Viking 0.51-04GS-P,Viking,CHECK,1,1072,55,10,5/19/2023 ,10/24/2023,20.45,22.5,50.5,167.4635461,183,76,54,0,0,0,0,6.01,6.87,4.09,1.58,69.34,1.06,1.28
ORG_YieldTrial2023,2023,B109<2>/N196(S)C7)-226)-B-078-01-01-02-02-B-B-B/2/B109/B104)-B-01-02-01-02-01-B-B>B-B,ISU016,19SJWE:21035/21016,ISU,1,1080,41,11,5/19/2023 ,10/23/2023,14.24,19.9,52.4,120.5224007,208,95,49,0,0,0,0,6.6,6.38,4.02,1.61,69.32,0.97,1.28
ORG_YieldTrial2023,2023,BR59H44,BR59H44,Blue River Hybrids,CHECK,1,1079,43,11,5/19/2023 ,10/23/2023,9.18,22.8,50,74.88334742,200,85,46,0,0,0,0,6.28,7.96,4.11,1.45,68.16,1.05,1.29
ORG_YieldTrial2023,2023,LH195*PHN82,LH195*PHN82,Wisconsin,HIP,1,1078,45,11,5/19/2023 ,10/23/2023,15.91,28.9,47.2,119.5267329,160,74,43,0,0,0,0,6.53,7.56,3.19,1.22,69.55,0.98,1.32
ORG_YieldTrial2023,2023,B73*PHG39-B-B-4-1-1-B-BxPH207*PHG47-B-B-4-1-1-B-B,UIUC99,2019MOB_CONV,NIFATOP20,1,1077,47,11,5/19/2023 ,10/23/2023,14.8,21.5,51.1,122.7599324,218,84,49,0,0,0,0,6.63,7.24,4.21,1.57,68.52,0.98,1.28
ORG_YieldTrial2023,2023,TX714*PHZ51,TX714*PHZ51,Wisconsin,HIP,1,1076,49,11,5/19/2023 ,10/23/2023,12.08,23.3,49.9,97.9010989,280,105,43,0,0,0,0,6.45,7.07,3.71,1.49,69.21,0.97,1.29
ORG_YieldTrial2023,2023,B73*PHG39-B-B-18-1-1-B-BxLH82*PHG47-B-B-12-1-1-B-B,UIUC53,2019MOB_CONV,NIFATOP20,1,1075,51,11,5/19/2023 ,10/23/2023,19.07,20.3,52.5,160.5958369,187,90,60,0,0,0,0,6.25,7.22,3.09,0.98,70.85,0.96,1.34
ORG_YieldTrial2023,2023,B73*PHG39-B-B-21-1-1-B-BxLH82*PHG35-B-B-15-1-1-B-B,UIUC31,2019MOB_CONV,NIFATOP20,1,1074,53,11,5/19/2023 ,10/24/2023,16.61,25.4,49.1,130.9283601,218,107,40,1,0,3,0,6.72,7.29,3.13,1.39,69.53,0.99,1.31
ORG_YieldTrial2023,2023,B73*PHG39-B-B-58-1-1-B-BxLH82*PHG35-B-B-21-1-1-B-B,UIUC160,2019MOB_CONV,NIFATOP20,1,1073,55,11,5/19/2023 ,10/24/2023,20.99,24.7,49.3,167.0062342,191,70,53,0,0,0,0,6.52,6.95,3.06,1.41,70.49,0.97,1.3
ORG_YieldTrial2023,2023,AM2500,AM2500,American Organic,CHECK,1,1081,41,12,5/19/2023 ,10/23/2023,9.35,21.2,51.4,77.85080304,183,62,33,0,0,0,0,6.47,6.57,3.09,1.66,70.49,0.94,1.28
ORG_YieldTrial2023,2023,LH82*PH207-B-B-1-1-1-B-BxPH207*PHG47-B-B-10-1-1-B-B,UIUC395,2019MOB_CONV,NIFABOT20,1,1082,43,12,5/19/2023 ,10/23/2023,7.84,16.6,56.1,69.0887574,149,60,42,0,0,0,0,6.33,7.58,3.88,1.38,68.81,1.04,1.3
ORG_YieldTrial2023,2023,LH244*PHN82,LH244*PHN82,Wisconsin,HIP,1,1083,45,12,5/19/2023 ,10/23/2023,19.17,24.3,49.1,153.3356932,191,87,59,0,0,0,0,6.12,6.88,3,1.45,70.41,0.98,1.3
ORG_YieldTrial2023,2023,B73*PHG39-B-B-16-1-1-B-B X PHG35*PHG47-B-B-1-1-1-B-B,UIUC107,2019MOB_CONV,NIFABOT19,1,1084,47,12,5/19/2023 ,10/23/2023,14.6,21.8,50.8,120.6382079,177,76,54,0,0,0,0,6.44,7.08,3.6,1.69,69.18,0.96,1.28
ORG_YieldTrial2023,2023,SHGD_DH_097/LH195,ISU014,17STHL:AnV_I:1200,ISU,1,1085,49,12,5/19/2023 ,10/23/2023,17.91,28.4,47,135.4983094,205,121,54,0,0,0,0,6.42,7.17,4.2,1.39,69.25,1.03,1.3
ORG_YieldTrial2023,2023,PHHB9*PHW30,ILORG0003,2019MOB_ORG,ORGOREI,1,1086,51,12,5/19/2023 ,10/23/2023,20.2,21.2,51.6,168.1910397,217,94,62,0,0,0,0,6.38,6.6,2.73,1.39,71.6,0.93,1.31
ORG_YieldTrial2023,2023,PHZ51*Kitale II-B-8W-1-B-B x B73*PHG39-B-B-18-1-1-B-B,KTC013,2022-23MOB_PR:2052,PHZ51*KII,1,1087,53,12,5/19/2023 ,10/24/2023,13.25,23.9,50,106.5432164,205,100,29,0,0,0,0,6.46,8.37,3.15,1.39,69.47,1.07,1.3
ORG_YieldTrial2023,2023,PHRE1*PHTD5,PHRE1*PHTD5,Wisconsin,HIP,1,1088,55,12,5/19/2023 ,10/24/2023,16.65,14.4,59,150.5959425,172,71,59,0,0,0,0,6.51,8.8,3.78,1.55,67.19,1.03,1.29
ORG_YieldTrial2023,2023,LH185*Kitale II-B-4Y-1-B-B x B73*PHG39-B-B-18-1-1-B-B,KTC003,2022-23MOB_PR:1983,LH185*KII,1,1096,41,13,5/19/2023 ,10/23/2023,15.08,27.4,47.5,115.6813187,198,106,42,0,0,0,0,6.67,6.34,3.77,1.23,70.64,0.95,1.31
ORG_YieldTrial2023,2023,LH185*Kitale II-B-4Y-3-B-B x B73*PHG39-B-B-18-1-1-B-B,KTC005,2022-23MOB_PR:2014,LH185*KII,1,1095,43,13,5/19/2023 ,10/23/2023,15.1,25.8,48.2,118.387574,203,105,36,0,0,0,0,6.65,7,3.24,1.04,70.67,0.94,1.33
ORG_YieldTrial2023,2023,B73*PHG39-B-B-18-1-1-B-B * PHG35*PHG47-B-B-10-1-1-B-B,UIUC522,19MOB_334 X 19MOB_255,NIFAVAL,1,1094,45,13,5/19/2023 ,10/23/2023,21.67,23.3,50.1,175.6222527,194,104,56,0,0,0,0,6.52,7.06,3.67,1.44,69.35,1,1.3
ORG_YieldTrial2023,2023,PHJ40*PHAJ0,PHJ40*PHAJ0,Wisconsin,HIP,1,1093,47,13,5/19/2023 ,10/23/2023,10.93,15,57.9,98.16673711,158,47,52,0,0,0,0,6.2,8.16,3.02,1.31,68.84,0.93,1.31
ORG_YieldTrial2023,2023,B73*PH207-B-B-9-1-1-B-BxPHG35*PHG39-B-B-30-1-1-B-B,UIUC295,2019MOB_CONV,NIFATOP20,1,1092,49,13,5/19/2023 ,10/23/2023,15.24,22.5,50.5,124.7992392,206,106,35,0,0,0,0,6.18,8.14,3.11,1.3,68.44,0.96,1.31
ORG_YieldTrial2023,2023,PHG39*Kitale II-B-4W-1-B-B x LH82*PHG35-B-B-21-1-1-B-B,KTC015,2022-23MOB_PR:2119,PHG39*KII,1,1091,51,13,5/19/2023 ,10/23/2023,19.93,26.1,48.2,155.6241547,173,99,45,0,0,0,0,6.48,7.85,3.13,1.37,69.51,0.97,1.3
ORG_YieldTrial2023,2023,LH185*Kitale II-B-1W-3-B-B x B73*PHG39-B-B-18-1-1-B-B,KTC001,2022-23MOB_PR:1981,LH185*KII,1,1090,53,13,5/19/2023 ,10/24/2023,20.65,25.3,48.9,162.9918639,202,105,40,0,0,0,0,6.54,7.3,3.6,1.16,69.96,1.02,1.32
ORG_YieldTrial2023,2023,PHB47*PHK76,PHB47*PHK76,Wisconsin,HIP,1,1089,55,13,5/19/2023 ,10/24/2023,12.68,18.9,54,108.658918,176,78,36,0,0,0,0,6.94,8.71,3.1,1.33,67.44,0.94,1.31
ORG_YieldTrial2023,2023,J23/A22,MNT2,2020 Montigomery ,KEV,1,1097,41,14,5/19/2023 ,10/23/2023,18,28.8,47,135.4184277,207,105,57,0,0,0,0,6.84,5.93,4.75,1.51,69.27,0.94,1.28
ORG_YieldTrial2023,2023,LH82*PH207-B-B-22-1-1-B-BxPH207*PHG47-B-B-21-1-1-B-B,UIUC349,2019MOB_CONV,NIFABOT20,1,1098,43,14,5/19/2023 ,10/23/2023,10.38,15.7,57.1,92.45921386,140,65,51,1,0,2,0,6.08,7.47,3.67,1.38,69.07,1.06,1.3
ORG_YieldTrial2023,2023,SHGD_DH_243/LH195,ISU015,17STHL:AnV_I:1334,ISU,1,1099,45,14,5/19/2023 ,10/23/2023,16.65,24.4,49.2,133.0029586,177,88,54,0,0,0,0,6.3,7.81,2.43,0.92,70.39,0.98,1.35
ORG_YieldTrial2023,2023,DKXL212:S0950-B-083-B-B)-04-06/B131]01,ISU017,21SJWE:BREED:11056/11058 B,ISU,1,1100,47,14,5/19/2023 ,10/23/2023,18.19,21.3,51.5,151.2629966,230,120,54,1,0,2,0,6.21,7.11,4.74,1.51,68.26,1.08,1.28
ORG_YieldTrial2023,2023,[B73/B89)-013-1/2/B84/B89)-037-1]02)-05-03-01-01-01-B-B-B-B-01///B131I01,ISU012,19SJWE:BREED:21018/21016 B,ISU,1,1101,49,14,5/19/2023 ,10/23/2023,14.58,23,50.2,118.6242604,208,97,47,0,0,0,0,6.6,7.35,3.65,1.11,69.62,1,1.32
ORG_YieldTrial2023,2023,B73*PHG39-B-B-18-1-1-B-B * PHG35*PHG47-B-B-28-1-1-B-B,UIUC502,19MOB_334 X 19MOB_687,NIFAVAL,1,1102,51,14,5/19/2023 ,10/23/2023,21.17,25,48.9,167.7673288,200,96,59,0,0,0,0,6.26,7.08,3.21,1.37,69.77,0.93,1.3
ORG_YieldTrial2023,2023,PHG35*PHG47-B-B-28-1-1-B-B * B73*PHG39-B-B-8-1-1-B-B,UIUC526,19MOB_333 X 19MOB_687,NIFAVAL,1,1103,53,14,5/19/2023 ,10/24/2023,17.93,24.8,49.5,142.4699915,192,86,34,0,0,0,0,6.57,7.71,2.94,1.45,69.49,0.96,1.3
ORG_YieldTrial2023,2023,[B73/B89)-013-1/2/B84/B89)-037-1]02)-05-03-01-01-01-B-B-B-B-01///OH 622:4366)-01I01,ISU013,19SJWE:BREED:23018/23016 B,ISU,1,1104,55,14,5/19/2023 ,10/24/2023,15.73,22.7,50.6,128.4793956,211,103,43,0,0,0,0,6.32,6.62,4.02,1.94,69.28,1.06,1.25
ORG_YieldTrial2023,2023,PHG35*PHG47-B-B-9-1-1-B-B * B73*PH207-B-B-20-1-1-B-B,UIUC539,19MOB_774 X 19MOB_678,NIFAVAL,2,2003,41,15,5/19/2023 ,10/23/2023,20.69,25.2,48.4,163.5262046,202,90,56,0,0,0,0,6.18,7.03,4.56,1.64,68.39,0.99,1.27
ORG_YieldTrial2023,2023,BR64K93,BR64K93,Blue River Hybrids,CHECK,2,2002,43,15,5/19/2023 ,10/23/2023,19.71,23.8,49.4,158.6963229,173,97,54,0,0,0,0,6.43,6.99,3.99,1.52,69.23,1,1.29
ORG_YieldTrial2023,2023,B73*LH82-B-B-18-1-1-B-BxB73*PHG35-B-B-18-1-1-B-B,UIUC223,2019MOB_CONV,NIFABOT20,2,2001,45,15,5/19/2023 ,10/23/2023,11.26,20,52.5,95.18174134,186,84,47,0,0,0,0,6.32,7.63,3.42,0.96,69.42,0.93,1.34
ORG_YieldTrial2023,2023,FILL,FILL,FILL,CHECK,FILL,FILL,47,15,NA,NA,NA,NA,NA,NA,NA,NA,NA,NA,NA,NA,NA,NA,NA,NA,NA,NA,NA,NA
ORG_YieldTrial2023,2023,FILL,FILL,FILL,CHECK,FILL,FILL,49,15,NA,NA,NA,NA,NA,NA,NA,NA,NA,NA,NA,NA,NA,NA,NA,NA,NA,NA,NA,NA
ORG_YieldTrial2023,2023,B73*PHG39-B-B-23-1-1-B-B X PHG35*PHG47-B-B-18-1-1-B-B,UIUC114,2019MOB_CONV,NIFABOT19,1,1107,51,15,5/19/2023 ,10/23/2023,14.76,18.6,53.6,126.9509721,220,105,51,0,0,0,0,6.19,6.28,3.86,1.73,70.13,0.98,1.27
ORG_YieldTrial2023,2023,LH195*MO17,LH195*MO17,Wisconsin,HIP,1,1106,53,15,5/19/2023 ,10/24/2023,17.16,26.3,48.4,133.6318681,223,113,52,0,0,0,0,6.59,7.27,4.17,1.77,68.61,1.06,1.26
ORG_YieldTrial2023,2023,PHZ51*Kitale II-B-13Y-1-B-B x B73*PHG39-B-B-18-1-1-B-B,KTC012,2022-23MOB_PR:2051,PHZ51*KII,1,1105,55,15,5/19/2023 ,10/24/2023,19.61,28.5,47.4,148.1524725,208,115,57,0,0,0,0,6.79,7.94,3.76,0.95,69.39,1.03,1.33
ORG_YieldTrial2023,2023,LH145*LH82,LH145*LH82,Wisconsin,HIP,2,2004,41,16,5/19/2023 ,10/23/2023,12.76,15.5,57.5,113.9285714,181,70,49,0,0,0,0,6.32,7.07,3.4,1.58,69.76,1.02,1.29
ORG_YieldTrial2023,2023,434/H51,MNT1,2020 Montigomery ,KEV,2,2005,43,16,5/19/2023 ,10/23/2023,16.01,25.8,47.9,125.5221893,171,71,53,0,0,0,0,6.61,7.25,3.29,1.31,69.24,0.99,1.31
ORG_YieldTrial2023,2023,LH185*Kitale II-B-4Y-3-B-B x B73*PHG39-B-B-18-1-1-B-B,KTC005,2022-23MOB_PR:2014,LH185*KII,2,2006,45,16,5/19/2023 ,10/23/2023,18.05,25.6,48.4,141.8977177,223,115,44,0,0,0,0,6.3,7.37,3.24,0.93,70.85,0.95,1.34
ORG_YieldTrial2023,2023,LH185*Kitale II-B-4Y-1-B-B x B73*PHG39-B-B-18-1-1-B-B,KTC003,2022-23MOB_PR:1983,LH185*KII,2,2007,47,16,5/19/2023 ,10/23/2023,20.34,27.1,47.8,156.6764582,203,117,54,0,0,0,0,6.64,7.12,2.94,1.16,71.26,0.95,1.32
ORG_YieldTrial2023,2023,LH185*Kitale II-B-1W-3-B-B x B73*PHG39-B-B-18-1-1-B-B,KTC001,2022-23MOB_PR:1981,LH185*KII,2,2008,49,16,5/19/2023 ,10/23/2023,18.18,25.1,48.7,143.8801775,186,93,49,0,0,0,0,6.36,6.61,3.8,1.28,70.59,0.99,1.31
ORG_YieldTrial2023,2023,PHG35*PHG47-B-B-28-1-1-B-B * B73*PHG39-B-B-8-1-1-B-B,UIUC526,19MOB_333 X 19MOB_687,NIFAVAL,2,2009,51,16,5/19/2023 ,10/23/2023,16.9,26,48.2,132.1428571,196,88,46,0,0,0,0,6.67,6.76,3.14,1.64,70.02,0.86,1.28
ORG_YieldTrial2023,2023,PHG29*PHG47,PHG29*PHG47,Wisconsin,HIP,2,2010,53,16,5/19/2023 ,10/24/2023,18.18,15.7,58,161.9372358,188,92,54,0,0,0,0,6.03,7.23,3.85,1.48,69.18,1.08,1.29
ORG_YieldTrial2023,2023,PHG84*Kitale II-B-2Y-1-B-B x B73*PHG39-B-B-18-1-1-B-B,KTC010,2022-23MOB_PR:2048,PHG84*KII,2,2011,55,16,5/19/2023 ,10/24/2023,17.66,32.1,46.1,126.7026627,225,125,46,0,0,0,0,6.68,7.11,4.09,1.05,69.3,1.02,1.32
ORG_YieldTrial2023,2023,SHGD_DH_243/LH195,ISU015,17STHL:AnV_I:1334,ISU,2,2019,41,17,5/19/2023 ,10/23/2023,14.74,22.8,50.3,120.2375317,195,87,48,0,0,0,0,6.44,7.17,2.95,1.06,70.42,1,1.33
ORG_YieldTrial2023,2023,B73*PHG39-B-B-23-1-1-B-B X PHG35*PHG47-B-B-18-1-1-B-B,UIUC114,2019MOB_CONV,NIFABOT19,2,2018,43,17,5/19/2023 ,10/23/2023,19.07,19.1,53.4,163.0138419,218,105,55,0,0,0,0,6.02,6.66,3.84,1.61,70.12,1.02,1.28
ORG_YieldTrial2023,2023,LH244*MO17,LH244*MO17,Wisconsin,HIP,2,2017,45,17,5/19/2023 ,10/23/2023,19.96,23.9,49.4,160.4983094,215,100,54,0,0,0,0,6.39,6.89,4.29,1.71,69.16,1.04,1.27
ORG_YieldTrial2023,2023,LH82*PH207-B-B-22-1-1-B-BxPH207*PHG47-B-B-21-1-1-B-B,UIUC349,2019MOB_CONV,NIFABOT20,2,2016,47,17,5/19/2023 ,10/23/2023,12.94,16.1,56.7,114.7153423,157,74,46,0,3,0,7,5.96,8.32,3.51,1.36,68.63,1.05,1.31
ORG_YieldTrial2023,2023,17.2B24,ORG4,2020 Mandaamin,ORG,2,2015,49,17,5/19/2023 ,10/23/2023,15.53,23.7,49.3,125.2048817,201,91,50,0,0,0,0,6.77,8.05,5.58,2.56,66.46,1.1,1.19
ORG_YieldTrial2023,2023,DKXL212:S0950-B-083-B-B)-04-06/B131]01,ISU017,21SJWE:BREED:11056/11058 B,ISU,2,2014,51,17,5/19/2023 ,10/23/2023,15.93,22.2,50.8,130.9545647,205,105,50,0,0,0,0,6.59,6.89,5.06,1.66,67.93,1.04,1.27
ORG_YieldTrial2023,2023,J23/A22,MNT2,2020 Montigomery ,KEV,2,2013,53,17,5/19/2023 ,10/24/2023,23.21,29.5,47,172.8978233,218,116,61,0,0,0,0,6.98,6.7,4.82,1.22,68.37,1.01,1.31
ORG_YieldTrial2023,2023,BR59H44,BR59H44,Blue River Hybrids,CHECK,2,2012,55,17,5/19/2023 ,10/24/2023,18.14,20.9,51.7,151.6139053,201,104,60,0,0,0,0,6.21,7.34,4.32,1.48,68.45,1.09,1.29
ORG_YieldTrial2023,2023,B73*PHG39-B-B-18-1-1-B-B * PHG35*PHG47-B-B-10-1-1-B-B,UIUC522,19MOB_334 X 19MOB_255,NIFAVAL,2,2020,41,18,5/19/2023 ,10/23/2023,19.56,21.1,51.8,163.0688926,218,100,56,0,0,0,0,6.5,7.33,3.49,1.23,69.63,0.99,1.32
ORG_YieldTrial2023,2023,LH185*Kitale II-B-5W-1-B-B x B73*PHG39-B-B-18-1-1-B-B,KTC006,2022-23MOB_PR:2015,LH185*KII,2,2021,43,18,5/19/2023 ,10/23/2023,20.49,24.4,49.2,163.6775148,227,112,54,0,0,0,0,6.53,7.13,4.17,1.13,69.51,0.99,1.32
ORG_YieldTrial2023,2023,B73*PHG39-B-B-53-1-1-B-B X LH82*PHG47-B-B-5-1-1-B-B,UIUC75,2019MOB_CONV,NIFABOT19,2,2022,45,18,5/19/2023 ,10/23/2023,19.36,20.5,52,162.6289096,94,83,60,0,0,0,0,6.41,7.71,3.43,1.35,69.91,1.02,1.31
ORG_YieldTrial2023,2023,LH195*MO17,LH195*MO17,Wisconsin,HIP,2,2023,47,18,5/19/2023 ,10/23/2023,21.67,25.5,48.4,170.5848478,220,109,60,0,0,0,0,6.05,7.18,3.57,1.6,69.57,1,1.28
ORG_YieldTrial2023,2023,B73*MO17,B73*MO17,Wisconsin,HIP,2,2024,49,18,5/19/2023 ,10/23/2023,19.52,24.3,48.9,156.1352494,213,120,60,0,0,0,0,6.3,6.63,4.14,1.97,69.23,1.01,1.25
ORG_YieldTrial2023,2023,PHJ40*PHAJ0,PHJ40*PHAJ0,Wisconsin,HIP,2,2025,51,18,5/19/2023 ,10/23/2023,8.43,14.7,58,75.98045224,165,75,54,1,3,2,6,6.37,7.42,3.7,1.54,68.79,0.98,1.28
ORG_YieldTrial2023,2023,B73*PH207-B-B-9-1-1-B-BxPHG35*PHG39-B-B-30-1-1-B-B,UIUC295,2019MOB_CONV,NIFATOP20,2,2026,53,18,5/19/2023 ,10/24/2023,17.66,22.3,51,144.989645,208,101,44,0,0,0,0,6.59,8.24,3.36,1.42,67.78,1.01,1.3
ORG_YieldTrial2023,2023,B73*PHG39-B-B-52-1-1-B-B X PHG35*PHG47-B-B-1-1-1-B-B,UIUC205,2019MOB_CONV,NIFATOP19,2,2027,55,18,5/19/2023 ,10/24/2023,20.11,19.7,53.3,170.6290152,172,72,64,0,0,0,0,6.61,7.5,3.47,1.52,68.92,0.96,1.29
ORG_YieldTrial2023,2023,B73*PHG39-B-B-24-1-1-B-B X PH207*PHG47-B-B-21-1-1-B-B,UIUC89,2019MOB_CONV,NIFABOT19,2,2035,41,19,5/19/2023 ,10/23/2023,16.96,14.4,58.7,153.3998309,208,124,49,0,0,0,0,6.23,8.13,3.71,1.23,68.57,1.03,1.31
ORG_YieldTrial2023,2023,LH185*Kitale II-B-4W-1-B-B x B73*PHG39-B-B-18-1-1-B-B,KTC002,2022-23MOB_PR:1982,LH185*KII,2,2034,43,19,5/19/2023 ,10/23/2023,21.06,27,47.8,162.4450549,230,118,63,0,0,0,0,6.58,7.3,2.86,0.99,70.64,0.93,1.34
ORG_YieldTrial2023,2023,B73*PHG35-B-B-6-1-1-B-BxPHG39*PHG47-B-B-4-1-1-B-B,UIUC366,2019MOB_CONV,NIFATOP20,2,2033,45,19,5/19/2023 ,10/23/2023,22.01,18.9,53.4,188.6106298,255,109,60,0,0,0,0,6.39,6.66,3.49,1.75,70.23,1.03,1.27
ORG_YieldTrial2023,2023,TX714*PHZ51,TX714*PHZ51,Wisconsin,HIP,2,2032,47,19,5/19/2023 ,10/23/2023,13.53,23.1,50.3,109.9383981,255,134,44,0,0,0,0,6.35,7.49,4.34,1.46,68.28,0.99,1.29
ORG_YieldTrial2023,2023,Viking 0.51-04GS-P,Viking 0.51-04GS-P,Viking,CHECK,2,2031,49,19,5/19/2023 ,10/23/2023,20.46,20.9,51.6,171.0044379,250,104,58,0,0,0,0,5.87,6.84,3.88,1.5,69.49,1,1.29
ORG_YieldTrial2023,2023,PH4211,PH4211,Prarie Hybrids,CHECK,2,2030,51,19,5/19/2023 ,10/23/2023,20.36,20.3,52,171.4594252,203,81,59,0,0,0,0,6.11,6.29,3.69,1.58,70.69,1,1.29
ORG_YieldTrial2023,2023,PHG84*Kitale II-B-2Y-2-B-B x B73*PHG39-B-B-18-1-1-B-B,KTC011,2022-23MOB_PR:2049,PHG84*KII,2,2029,53,19,5/19/2023 ,10/24/2023,22.85,30.3,46.8,168.284552,254,143,56,0,0,0,0,6.59,7.01,3.05,1.21,70.56,0.94,1.32
ORG_YieldTrial2023,2023,[B73/B89)-013-1/2/B84/B89)-037-1]02)-05-03-01-01-01-B-B-B-B-01///B131I01,ISU012,19SJWE:BREED:21018/21016 B,ISU,2,2028,55,19,5/19/2023 ,10/24/2023,20.4,25.2,48.9,161.2341505,194,113,58,0,0,0,0,6.73,7.99,4.01,1.07,68.47,1.03,1.32
ORG_YieldTrial2023,2023,B73*LH82-B-B-13-1-1-B-B X B73*PHG35-B-B-14-1-1-B-B,UIUC222,2019MOB_CONV,NIFATOP19,2,2036,41,20,5/19/2023 ,10/23/2023,14.94,22.9,50.4,121.7111158,185,90,46,0,0,0,0,6.51,8.06,2.98,1.16,69.63,1,1.33
ORG_YieldTrial2023,2023,B73*PHG39-B-B-66-1-1-B-B X PH207*PHG47-B-B-29-1-1-B-B,UIUC202,2019MOB_CONV,NIFATOP19,2,2037,43,20,5/19/2023 ,10/23/2023,16.96,20.5,51.6,142.4683009,195,83,56,0,0,0,0,6.04,7.47,4.81,1.88,67.63,1.16,1.24
ORG_YieldTrial2023,2023,LH185*Kitale II-B-4Y-2-B-B x B73*PHG39-B-B-18-1-1-B-B,KTC004,2022-23MOB_PR:1984,LH185*KII,2,2038,45,20,5/19/2023 ,10/23/2023,21.48,27.2,47.7,165.2307692,200,112,53,0,0,0,0,6.33,6.82,2.98,0.85,71.7,0.94,1.35
ORG_YieldTrial2023,2023,LH82*PHG35-B-B-30-1-1-B-B * B73*PHG39-B-B-18-1-1-B-B,UIUC524,19MOB_334 X 19MOB_590,NIFAVAL,2,2039,47,20,5/19/2023 ,10/23/2023,20.52,22.3,51,168.4704142,195,103,58,0,0,0,0,6.74,7.46,3,0.91,71.12,0.92,1.35
ORG_YieldTrial2023,2023,B73*PHG39-B-B-55-1-1-B-BxLH82*PHG47-B-B-7-1-1-B-B,UIUC77,2019MOB_CONV,NIFATOP20,2,2040,49,20,5/19/2023 ,10/23/2023,16.79,21.6,51.1,139.0887574,192,72,48,0,0,0,0,6.3,7.45,3.27,1.36,69.82,0.95,1.31
ORG_YieldTrial2023,2023,B109<2>/N196(S)C7)-226)-B-078-01-01-02-02-B-B-B/2/B109/B104)-B-01-02-01-02-01-B-B>B-B,ISU016,19SJWE:21035/21016,ISU,2,2041,51,20,5/19/2023 ,10/23/2023,18.77,21.2,51.5,156.2844463,220,105,56,0,0,0,0,6.52,7.33,4.28,1.29,68.7,1.01,1.3
ORG_YieldTrial2023,2023,PH5141,PH5141,Prarie Hybrids,CHECK,2,2042,53,20,5/19/2023 ,10/24/2023,23.08,20.6,52.2,193.6339814,233,106,58,0,0,0,0,6.35,6.71,3.38,1.6,70.27,1.05,1.28
ORG_YieldTrial2023,2023,B73*PHK76,B73*PHK76,Wisconsin,HIP,2,2043,55,20,5/19/2023 ,10/24/2023,21.87,21.1,52.1,182.3270287,200,103,56,0,0,0,0,6.48,7.17,3.36,1.34,69.39,0.99,1.31
ORG_YieldTrial2023,2023,PH6878,PH6878,Prarie Hybrids,CHECK,2,2051,41,21,5/19/2023 ,10/23/2023,19.89,20.5,51.8,167.081044,192,80,53,0,0,0,0,6.25,6.59,3.39,1.8,70.72,1,1.27
ORG_YieldTrial2023,2023,B73*PH207-B-B-17-1-1-B-BxB73*PHG47-B-B-13-1-1-B-B,UIUC265,2019MOB_CONV,NIFABOT20,2,2050,43,21,5/19/2023 ,10/23/2023,14.07,19.4,53.1,119.8269231,171,50,50,0,0,0,0,6.24,7.26,4.67,1.4,68.5,1.09,1.29
ORG_YieldTrial2023,2023,B73*PHG39-B-B-18-1-1-B-B * LH82*PHG47-B-B-18-1-1-B-B-B,UIUC515,19MOB_334 X 13URN100-S:8851,NIFAVAL,2,2049,45,21,5/19/2023 ,10/23/2023,21.3,21.9,51.2,175.7745139,183,107,55,0,0,0,0,6.15,7.36,3.93,1.31,69.35,1.01,1.31
ORG_YieldTrial2023,2023,B73*PHG35-B-B-31-1-1-B-BxPHG39*PHG47-B-B-9-1-1-B-B,UIUC371,2019MOB_CONV,NIFATOP20,2,2048,47,21,5/19/2023 ,10/23/2023,17.87,21.9,50.8,147.4690406,199,100,46,0,0,0,0,5.96,6.79,4.11,1.93,68.99,1,1.26
ORG_YieldTrial2023,2023,LH195*PHZ51,LH195*PHZ51,Wisconsin,HIP,2,2047,49,21,5/19/2023 ,10/23/2023,17.06,21.8,51,140.9649197,217,105,54,0,0,0,0,6.32,7.74,3.53,1.35,68.91,1.06,1.3
ORG_YieldTrial2023,2023,LH195:0865)-B-02/B110]01/B131,ISU019,22SJW:11054/11058,ISU,2,2046,51,21,5/19/2023 ,10/23/2023,18.98,22.7,49.9,155.0247253,230,121,51,0,0,0,0,6.38,7.48,3.95,1.46,68.91,1.02,1.29
ORG_YieldTrial2023,2023,B73*PHG39-B-B-23-1-1-B-B X PH207*PHG47-B-B-20-1-1-B-B,UIUC88,2019MOB_CONV,NIFABOT19,2,2045,53,21,5/19/2023 ,10/24/2023,18.7,18.7,54.2,160.6413779,217,100,49,0,0,0,0,6.36,7.58,3.97,1.58,68.82,1.12,1.28
ORG_YieldTrial2023,2023,PHRE1*PHTD5,PHRE1*PHTD5,Wisconsin,HIP,2,2044,55,21,5/19/2023 ,10/24/2023,18.12,14.7,58.8,163.3174134,190,86,54,0,0,0,0,6.41,8.87,3.55,1.63,67.38,1.05,1.28
ORG_YieldTrial2023,2023,B73*PHG39-B-B-16-1-1-B-B X PHG35*PHG47-B-B-1-1-1-B-B,UIUC107,2019MOB_CONV,NIFABOT19,2,2052,41,22,5/19/2023 ,10/23/2023,15.49,21,51.4,129.3015638,177,65,57,0,0,0,0,6.7,6.52,3.56,1.7,69.93,0.95,1.27
ORG_YieldTrial2023,2023,BSSS( R )C15-018-01-01-02-01-B-B-B/BS13(S)C8)-7312-1-1-1-02-02-B-B]04//B131]01,ISU018,21SJWE:BREED:11049/11058 B,ISU,2,2053,43,22,5/19/2023 ,10/23/2023,18.23,24.3,49.3,145.816885,203,93,53,0,0,0,0,6.5,7.54,4.09,1.33,68.62,1,1.3
ORG_YieldTrial2023,2023,PHHB9*PHZ51,ILORG0004,2019MOB_ORG,ORGOREI,2,2054,45,22,5/19/2023 ,10/23/2023,16.48,22.2,50.7,135.4759087,250,97,42,0,0,0,0,6.25,7.74,3.02,1.33,70.13,1.01,1.31
ORG_YieldTrial2023,2023,B73*PH207-B-B-12-1-1-B-B * PHG35*PHG47-B-B-28-1-1-B-B,UIUC500,19MOB_875 X 19MOB_687,NIFAVAL,2,2055,47,22,5/19/2023 ,10/23/2023,14.52,27.9,47.5,110.6183432,210,100,34,0,0,0,0,6.24,7.94,2.75,1.18,69.58,0.96,1.32
ORG_YieldTrial2023,2023,SHGD_DH_097/LH195,ISU014,17STHL:AnV_I:1200,ISU,2,2056,49,22,5/19/2023 ,10/23/2023,15.25,28.4,47.3,115.374049,205,98,38,0,0,0,0,6.34,8.68,3.42,1.13,68.36,1.04,1.33
ORG_YieldTrial2023,2023,59R5,59R5,Great harvest,CHECK,2,2057,51,22,5/19/2023 ,10/23/2023,10.63,21.8,51.3,87.83453085,210,77,34,0,0,0,0,6.53,7.7,2.27,1.11,70.33,0.92,1.33
ORG_YieldTrial2023,2023,LH195*PHN82,LH195*PHN82,Wisconsin,HIP,2,2058,53,22,5/19/2023 ,10/24/2023,20.02,29.2,47.1,149.7692308,170,80,53,0,0,0,0,6.47,7.76,2.88,1.21,69.31,1,1.32
ORG_YieldTrial2023,2023,PHG39*Kitale II-B-4W-1-B-B x LH82*PHG35-B-B-21-1-1-B-B,KTC015,2022-23MOB_PR:2119,PHG39*KII,2,2059,55,22,5/19/2023 ,10/24/2023,21.2,27.6,47.6,162.180896,183,85,43,0,0,0,0,6.9,8.85,3.76,1.34,67.2,1.01,1.3
ORG_YieldTrial2023,2023,B73*PHG39-B-B-3-1-1-B-B X PH207*PHG47-B-B-3-1-1-B-B,UIUC97,2019MOB_CONV,NIFABOT19,2,2067,41,23,5/19/2023 ,10/23/2023,13.79,19.6,52.8,117.1508876,187,63,34,0,0,0,0,6.59,7.9,3.7,1.35,68.62,0.99,1.3
ORG_YieldTrial2023,2023,B110/LH119]03//B131]01,ISU020,21SJW:11052/11058,ISU,2,2066,43,23,5/19/2023 ,10/23/2023,10.78,24,49.5,86.56804734,200,96,35,0,0,0,0,6.43,7.63,3.68,1.23,68.77,0.98,1.31
ORG_YieldTrial2023,2023,PHB47*PHN82,PHB47*PHN82,Wisconsin,HIP,2,2065,45,23,5/19/2023 ,10/23/2023,14.37,20.1,52.4,121.3189983,185,70,43,0,0,0,0,6.45,7.96,2.83,1.24,69.39,0.92,1.32
ORG_YieldTrial2023,2023,LH195*PHK76,LH195*PHK76,Wisconsin,HIP,2,2064,47,23,5/19/2023 ,10/23/2023,8.93,24.3,49.5,71.42867709,171,75,33,0,0,0,0,6.41,8.42,3.38,1.02,68.36,1.02,1.33
ORG_YieldTrial2023,2023,B73*LH82-B-B-5-1-1-B-B X B73*PHG35-B-B-4-1-1-B-B,UIUC236,2019MOB_CONV,NIFATOP19,2,2063,49,23,5/19/2023 ,10/23/2023,7.38,21.9,50.9,60.90215554,166,80,19,0,0,0,0,6.12,7.39,3.26,1.4,69.82,0.99,1.3
ORG_YieldTrial2023,2023,LH82*PH207-B-B-29-1-1-B-B X PHG35*PHG47-B-B-24-1-1-B-B,UIUC388,2019MOB_CONV,NIFATOP19,2,2062,51,23,5/19/2023 ,10/23/2023,7.17,21,51.4,59.85101437,141,65,17,0,0,0,0,6.17,8.08,3.35,1.36,69.1,0.99,1.3
ORG_YieldTrial2023,2023,PHZ51*Kitale II-B-8W-1-B-B x B73*PHG39-B-B-18-1-1-B-B,KTC013,2022-23MOB_PR:2052,PHZ51*KII,2,2061,53,23,5/19/2023 ,10/24/2023,9.92,24.3,49.6,79.34742181,174,80,24,0,0,0,0,6.36,8.56,3.72,1.43,68.25,1.09,1.29
ORG_YieldTrial2023,2023,LH82*PH207-B-B-17-1-1-B-BxPH207*PHG47-B-B-13-1-1-B-B,UIUC399,2019MOB_CONV,NIFABOT20,2,2060,55,23,5/19/2023 ,10/24/2023,9.64,19.8,52.8,81.69146238,173,89,29,0,0,0,0,6.48,8.04,3.7,1.43,68.52,1.06,1.3
ORG_YieldTrial2023,2023,PHJ89*PH207,PHJ89*PH207,Wisconsin,HIP,2,2068,41,24,5/19/2023 ,10/23/2023,12.21,17,55.2,107.0826289,184,68,41,0,0,0,0,6.45,7.98,3.52,1.56,68.57,1.01,1.29
ORG_YieldTrial2023,2023,B73*PHG35-B-B-26-1-1-B-BxPHG39*PHG47-B-B-7-1-1-B-B,UIUC369,2019MOB_CONV,NIFATOP20,2,2069,43,24,5/19/2023 ,10/23/2023,17.52,15.8,56.9,155.8732037,209,103,54,0,0,0,0,6.42,7.12,4.17,1.76,68.71,0.99,1.27
ORG_YieldTrial2023,2023,LH244*PHK76,LH244*PHK76,Wisconsin,HIP,2,2070,45,24,5/19/2023 ,10/23/2023,17.89,20.2,52.3,150.8476331,198,95,52,0,0,0,0,6.22,7.71,3.25,1.11,69.39,0.95,1.33
ORG_YieldTrial2023,2023,LH82*PHG39-B-B-19-1-1-B-BxPHG39*PHG47-B-B-19-1-1-B-B,UIUC333,2019MOB_CONV,NIFABOT20,2,2071,47,24,5/19/2023 ,10/23/2023,10.81,24.4,49.3,86.35207101,175,63,44,0,0,0,0,6.44,8.5,4,0.94,68.71,1,1.34
ORG_YieldTrial2023,2023,B73*PHG39-B-B-63-1-1-B-B * PHG35*PHG47-B-B-12-1-1-B-B,UIUC518,2020PR_175-1 X 19MOB_521,NIFAVAL,2,2072,49,24,5/19/2023 ,10/23/2023,10.87,23.4,49.9,87.97992392,198,85,22,0,0,0,0,6.09,8.57,3.01,1.36,69.15,1.02,1.31
ORG_YieldTrial2023,2023,PHB47*PHK76,PHB47*PHK76,Wisconsin,HIP,2,2073,51,24,5/19/2023 ,10/23/2023,9.82,19.1,53.3,83.943153,194,62,28,0,0,0,0,6.68,9.37,3.1,1.19,67,0.93,1.32
ORG_YieldTrial2023,2023,[B73/B89)-013-1/2/B84/B89)-037-1]02)-05-03-01-01-01-B-B-B-B-01///OH 622:4366)-01I01,ISU013,19SJWE:BREED:23018/23016 B,ISU,2,2074,53,24,5/19/2023 ,10/24/2023,20.22,22.9,50.5,164.7254861,200,91,49,0,0,0,0,6.13,6.6,3.64,1.8,69.74,1.09,1.26
ORG_YieldTrial2023,2023,B73*PHG39-B-B-58-1-1-B-BxLH82*PHG35-B-B-21-1-1-B-B,UIUC160,2019MOB_CONV,NIFATOP20,2,2075,55,24,5/19/2023 ,10/24/2023,17.77,25.5,48.8,139.8842984,162,80,38,0,0,0,0,6.47,8.44,2.48,1.2,69.53,0.98,1.32
ORG_YieldTrial2023,2023,17.461,ORG1,2020 Mandaamin,ORG,2,2083,41,25,5/19/2023 ,10/23/2023,8.83,19.3,52.6,75.29385038,181,102,35,0,0,0,0,6.66,8.03,5.11,2.47,67.12,1.08,1.2
ORG_YieldTrial2023,2023,B73*PHZ51,B73*PHZ51,Wisconsin,HIP,2,2082,43,25,5/19/2023 ,10/23/2023,14.9,18.3,53.9,128.6274303,227,122,55,0,0,0,0,6.33,6.41,3.59,1.76,70.28,1,1.27
ORG_YieldTrial2023,2023,PHZ51*Kitale II-B-8Y-3-B-B x B73*PHG39-B-B-18-1-1-B-B,KTC014,2022-23MOB_PR:2086,PHZ51*KII,2,2081,45,25,5/19/2023 ,10/23/2023,15.11,21.3,51.6,125.6505706,217,112,52,0,0,0,0,6.5,7.97,3.7,1.06,69.04,1.03,1.33
ORG_YieldTrial2023,2023,B73*PHG39-B-B-25-1-1-B-B X PHG35*PHG47-B-B-20-1-1-B-B,UIUC116,2019MOB_CONV,NIFABOT19,2,2080,47,25,5/19/2023 ,10/23/2023,18.97,22.9,50.3,154.5421598,195,102,52,0,0,0,0,6.22,7.58,3.44,1.28,69.27,0.96,1.31
ORG_YieldTrial2023,2023,PHG84*Kitale II-B-2W-2-B-B x B73*PHG39-B-B-18-1-1-B-B,KTC009,2022-23MOB_PR:2018,PHG84*KII,2,2079,49,25,5/19/2023 ,10/23/2023,20.59,29.2,47.1,154.0333897,213,110,53,0,0,0,0,6.65,7.79,4.22,0.77,68.42,1.02,1.34
ORG_YieldTrial2023,2023,B73*LH82-B-B-10-1-1-B-B X B73*PHG47-B-B-10-1-1-B-B,UIUC241,2019MOB_CONV,NIFATOP19,2,2078,51,25,5/19/2023 ,10/23/2023,14.7,22.9,50.3,119.7559172,194,91,48,0,0,0,0,6.35,7.57,3.69,1.2,68.89,0.99,1.31
ORG_YieldTrial2023,2023,LH82*PHG39-B-B-19-1-1-B-BxPHG35*PHG39-B-B-23-1-1-B-B,UIUC307,2019MOB_CONV,NIFABOT20,2,2077,53,25,5/19/2023 ,10/24/2023,15.08,21.7,51.6,124.7637363,176,75,53,0,0,0,0,6.68,9.1,3.7,1.16,66.92,1.05,1.32
ORG_YieldTrial2023,2023,B73*PHG39-B-B-20-1-1-B-B X PHG35*PHG47-B-B-14-1-1-B-B,UIUC110,2019MOB_CONV,NIFABOT19,2,2076,55,25,5/19/2023 ,10/24/2023,18.38,19.7,53.2,155.9503381,215,105,43,0,0,0,0,6.54,8.05,2.76,1.34,69.26,0.96,1.31
ORG_YieldTrial2023,2023,LH244*PHZ51,LH244*PHZ51,Wisconsin,HIP,2,2084,41,26,5/19/2023 ,10/23/2023,13.7,19.1,53,117.1101014,218,100,54,0,0,0,0,6.31,6.45,4.02,1.8,69.75,1.04,1.26
ORG_YieldTrial2023,2023,LH82*PH207-B-B-1-1-1-B-BxPH207*PHG47-B-B-10-1-1-B-B,UIUC395,2019MOB_CONV,NIFABOT20,2,2085,43,26,5/19/2023 ,10/23/2023,10.41,15.4,57.7,93.05642434,155,70,53,0,0,0,0,6.08,8.2,3.8,1.32,68.12,1.07,1.31
ORG_YieldTrial2023,2023,LH185*Kitale II-B-6W-1-B-B x B73*PHG39-B-B-18-1-1-B-B,KTC007,2022-23MOB_PR:2016,LH185*KII,2,2086,45,26,5/19/2023 ,10/23/2023,19.82,27.1,47.9,152.6709637,207,105,46,0,0,0,0,6.29,8.17,3.77,0.84,69.37,1.02,1.34
ORG_YieldTrial2023,2023,LH185*Kitale II-B-6W-3-B-B x B73*PHG39-B-B-18-1-1-B-B,KTC008,2022-23MOB_PR:2017,LH185*KII,2,2087,47,26,5/19/2023 ,10/23/2023,25.07,26.8,48,193.9057481,218,110,51,0,0,0,0,6.34,6.78,3.76,1.12,70.37,0.98,1.32
ORG_YieldTrial2023,2023,LH82*PH207-B-B-18-1-1-B-BxPH207*PHG47-B-B-15-1-1-B-B,UIUC400,2019MOB_CONV,NIFABOT20,2,2088,49,26,5/19/2023 ,10/23/2023,7.29,16.8,55.9,64.08791209,146,74,53,0,0,0,0,6.45,9.2,3.21,1.11,67.75,1.02,1.33
ORG_YieldTrial2023,2023,PHB47*PHZ51,PHB47*PHZ51,Wisconsin,HIP,2,2089,51,26,5/19/2023 ,10/23/2023,16.91,15.2,57.6,151.5181741,211,70,59,0,0,0,0,6.58,8.1,2.73,1.36,69.29,0.93,1.31
ORG_YieldTrial2023,2023,PHG35*PHG47-B-B-21-1-1-B-B * B73*PHG39-B-B-18-1-1-B-B,UIUC523,19MOB_334 X 19MOB_259,NIFAVAL,2,2090,53,26,5/19/2023 ,10/24/2023,23.65,21,52.4,197.4165258,240,105,61,0,0,0,0,6.63,7.44,4.21,1.33,68.52,1,1.3
ORG_YieldTrial2023,2023,B73*PHN82,B73*PHN82,Wisconsin,HIP,2,2091,55,26,5/19/2023 ,10/24/2023,20.4,23.7,50,164.4674556,215,100,43,0,0,0,0,6.28,7.32,3.69,1.25,69.49,1.03,1.31
ORG_YieldTrial2023,2023,B73*PHG39-B-B-25-1-1-B-BxLH82*PH207-B-B-24-1-1-B-B,UIUC12,2019MOB_CONV,NIFATOP20,2,2099,41,27,5/19/2023 ,10/23/2023,17.15,21.9,50.9,141.5273669,206,110,54,0,0,0,0,6.41,6.69,3.71,1.64,69.95,1,1.28
ORG_YieldTrial2023,2023,B73*LH82-B-B-3-1-1-B-B X B73*PHG47-B-B-25-1-1-B-B,UIUC256,2019MOB_CONV,NIFATOP19,2,2098,43,27,5/19/2023 ,10/23/2023,18.07,19.4,53,153.8928571,187,84,55,0,0,0,0,6.27,7.53,3.29,1.38,69.91,1.03,1.31
ORG_YieldTrial2023,2023,LH82*PH207-B-B-21-1-1-B-B X PHG35*PHG47-B-B-17-1-1-B-B,UIUC380,2019MOB_CONV,NIFATOP19,2,2097,45,27,5/19/2023 ,10/23/2023,16.38,17.9,54.8,142.0961538,180,75,56,0,0,0,0,6.76,8.27,3.41,1.39,68.09,0.96,1.3
ORG_YieldTrial2023,2023,B73*PHG39-B-B-18-1-1-B-B * PHG35*PHG47-B-B-28-1-1-B-B,UIUC502,19MOB_334 X 19MOB_687,NIFAVAL,2,2096,47,27,5/19/2023 ,10/23/2023,22.94,24.6,49.1,182.7637363,196,100,52,0,0,0,0,6.37,7.2,2.85,1.2,70.18,0.89,1.32
ORG_YieldTrial2023,2023,B73*PHG39-B-B-18-1-1-B-BxLH82*PHG47-B-B-12-1-1-B-B,UIUC53,2019MOB_CONV,NIFATOP20,2,2095,49,27,5/19/2023 ,10/23/2023,21.24,19.1,53.7,181.5633981,218,102,58,0,0,0,0,6.33,8.37,3.51,0.81,69.02,1,1.35
ORG_YieldTrial2023,2023,B73*PHG39-B-B-21-1-1-B-BxLH82*PHG35-B-B-15-1-1-B-B,UIUC31,2019MOB_CONV,NIFATOP20,2,2094,51,27,5/19/2023 ,10/23/2023,19.41,23.6,49.9,156.6910397,210,109,64,0,0,0,0,6.39,7.19,3.28,1.22,70.11,0.92,1.32
ORG_YieldTrial2023,2023,B73*PHG39-B-B-61-1-1-B-B X PHG35*PHG47-B-B-20-1-1-B-B,UIUC214,2019MOB_CONV,NIFATOP19,2,2093,53,27,5/19/2023 ,10/24/2023,18.92,22.8,50.8,154.3347422,183,91,56,0,0,0,0,6.58,8.06,3.62,1.34,68.1,0.99,1.31
ORG_YieldTrial2023,2023,LH244*PHN82,LH244*PHN82,Wisconsin,HIP,2,2092,55,27,5/19/2023 ,10/24/2023,21.46,22.9,50.6,174.8273457,195,105,54,0,0,0,0,6.29,7.25,3.22,1.17,70.09,0.97,1.32
ORG_YieldTrial2023,2023,PHZ51*Kitale II-B-13Y-1-B-B x B73*PHG39-B-B-18-1-1-B-B,KTC012,2022-23MOB_PR:2051,PHZ51*KII,2,2100,41,28,5/19/2023 ,10/23/2023,14.48,24.9,49.1,114.9036348,228,110,48,0,0,0,0,6.5,8.49,3.1,0.89,69.56,0.99,1.35
ORG_YieldTrial2023,2023,AM2500,AM2500,American Organic,CHECK,2,2101,43,28,5/19/2023 ,10/23/2023,12.01,21.5,51.2,99.6180262,187,70,28,0,0,0,0,6.44,6.69,3.52,1.49,70.69,0.99,1.29
ORG_YieldTrial2023,2023,PHB47*MO17,PHB47*MO17,Wisconsin,HIP,2,2102,45,28,5/19/2023 ,10/23/2023,16.04,16.9,55.5,140.8415046,192,150,58,0,0,0,0,6.12,8.2,3.4,1.22,68.48,0.97,1.32
ORG_YieldTrial2023,2023,PHHB9*PHW30,ILORG0003,2019MOB_ORG,ORGOREI,2,2103,47,28,5/19/2023 ,10/23/2023,20.05,19.7,52.7,170.1199281,230,103,60,0,0,0,0,6.18,6.97,3.35,1.27,70.61,0.94,1.31
ORG_YieldTrial2023,2023,B73*PHG39-B-B-4-1-1-B-BxPH207*PHG47-B-B-4-1-1-B-B,UIUC99,2019MOB_CONV,NIFATOP20,2,2104,49,28,5/19/2023 ,10/23/2023,15.1,20.9,51.7,126.2056213,217,112,39,0,0,0,0,6.19,7.72,4.16,1.28,68.39,0.99,1.31
ORG_YieldTrial2023,2023,LH82*PHG39-B-B-18-1-1-B-B X PHG35*PHG39-B-B-22-1-1-B-B,UIUC306,2019MOB_CONV,NIFABOT19,2,2105,51,28,5/19/2023 ,10/23/2023,12.21,16.7,55.9,107.4696746,191,90,48,0,0,0,0,6.47,7.8,2.65,1.32,69.36,0.89,1.31
ORG_YieldTrial2023,2023,B73*PHG39-B-B-30-1-1-B-B X PHG35*PHG47-B-B-24-1-1-B-B,UIUC121,2019MOB_CONV,NIFABOT19,2,2106,53,28,5/19/2023 ,10/24/2023,18.34,20,53,155.0295858,250,100,49,0,0,0,0,6.66,8.16,3.57,1.36,68.19,0.96,1.3
ORG_YieldTrial2023,2023,B73*LH82-B-B-18-1-1-B-BxB73*PHG47-B-B-13-1-1-B-B,UIUC244,2019MOB_CONV,NIFABOT20,2,2107,55,28,5/19/2023 ,10/24/2023,16.28,15.6,58,145.1851226,212,88,59,0,0,0,0,6.22,7.21,5.25,1.4,67.14,1.08,1.29
